graph_name,graph_order,graph_size,graph_min_degree,graph_max_degree,GA_fitness_heuristic1,lower_bound,upper_bound,elapsed_time_GA(seconds)
can24,24,68,3,8,10,10,36,5.11791
can24,24,68,3,8,13,10,36,4.51883
can24,24,68,3,8,13,10,36,4.90721
can24,24,68,3,8,13,10,36,4.59082
can24,24,68,3,8,10,10,36,4.92944
can24,24,68,3,8,12,10,36,4.59143
can24,24,68,3,8,13,10,36,5.276
can24,24,68,3,8,12,10,36,4.89542
can24,24,68,3,8,13,10,36,4.99995
can24,24,68,3,8,13,10,36,4.4919
