graph_name,graph_order,graph_size,graph_min_degree,graph_max_degree,GA_fitness_heuristic1,lower_bound,upper_bound,elapsed_time_GA(seconds)
can61,61,248,4,24,30,9,91,7.89356
can61,61,248,4,24,20,9,91,7.5462
can61,61,248,4,24,29,9,91,7.41531
can61,61,248,4,24,29,9,91,8.05782
can61,61,248,4,24,27,9,91,4.07253
can61,61,248,4,24,27,9,91,8.22617
can61,61,248,4,24,27,9,91,7.53063
can61,61,248,4,24,28,9,91,7.51773
can61,61,248,4,24,28,9,91,7.19473
can61,61,248,4,24,27,9,91,7.67226
