graph_name,graph_order,graph_size,graph_min_degree,graph_max_degree,GA_fitness_heuristic1,lower_bound,upper_bound,elapsed_time_GA(seconds)
can73,73,152,2,8,80,32,109,7.75852
can73,73,152,2,8,69,32,109,6.66335
can73,73,152,2,8,87,32,109,7.34688
can73,73,152,2,8,80,32,109,7.51028
can73,73,152,2,8,67,32,109,7.42533
can73,73,152,2,8,75,32,109,7.43557
can73,73,152,2,8,77,32,109,5.54351
can73,73,152,2,8,65,32,109,4.09235
can73,73,152,2,8,74,32,109,7.29145
can73,73,152,2,8,78,32,109,7.34685
