graph_name,graph_order,graph_size,graph_min_degree,graph_max_degree,GA_fitness_heuristic1,lower_bound,upper_bound,elapsed_time_GA(seconds)
can96,96,336,5,8,46,42,144,9.10996
can96,96,336,5,8,39,42,144,11.7029
can96,96,336,5,8,39,42,144,11.5869
can96,96,336,5,8,39,42,144,11.5692
can96,96,336,5,8,42,42,144,11.6495
can96,96,336,5,8,47,42,144,11.8495
can96,96,336,5,8,43,42,144,5.41135
can96,96,336,5,8,40,42,144,11.4378
can96,96,336,5,8,37,42,144,11.7168
can96,96,336,5,8,49,42,144,11.4829
