graph_name,graph_order,graph_size,graph_min_degree,graph_max_degree,GA_fitness_heuristic1,lower_bound,upper_bound,elapsed_time_GA(seconds)
cycle10,10,10,2,2,15,-1,15,0.733554
cycle10,10,10,2,2,15,-1,15,0.747276
cycle10,10,10,2,2,15,-1,15,0.742156
cycle10,10,10,2,2,18,-1,15,0.745988
cycle10,10,10,2,2,18,-1,15,0.745126
cycle10,10,10,2,2,18,-1,15,0.745219
cycle10,10,10,2,2,18,-1,15,0.745728
cycle10,10,10,2,2,15,-1,15,0.729011
cycle10,10,10,2,2,16,-1,15,0.74369
cycle10,10,10,2,2,16,-1,15,0.746248
