graph_name,graph_order,graph_size,graph_min_degree,graph_max_degree,GA_fitness_heuristic1,lower_bound,upper_bound,elapsed_time_GA(seconds)
can73,73,152,2,8,96,32,109,7.61361
can73,73,152,2,8,95,32,109,7.28313
can73,73,152,2,8,107,32,109,7.34039
can73,73,152,2,8,105,32,109,7.33915
can73,73,152,2,8,110,32,109,7.52436
can73,73,152,2,8,102,32,109,7.34715
can73,73,152,2,8,106,32,109,7.34792
can73,73,152,2,8,103,32,109,6.89521
can73,73,152,2,8,112,32,109,7.34442
can73,73,152,2,8,100,32,109,7.32614
