graph_name,graph_order,graph_size,graph_min_degree,graph_max_degree,GA_fitness_heuristic1,lower_bound,upper_bound,elapsed_time_GA(seconds)
cycle12,12,12,2,2,20,-1,18,0.916675
cycle12,12,12,2,2,16,-1,18,0.902256
cycle12,12,12,2,2,19,-1,18,0.894233
cycle12,12,12,2,2,22,-1,18,0.891242
cycle12,12,12,2,2,19,-1,18,0.910712
cycle12,12,12,2,2,22,-1,18,0.894476
cycle12,12,12,2,2,22,-1,18,0.896887
cycle12,12,12,2,2,19,-1,18,0.905983
cycle12,12,12,2,2,19,-1,18,0.898483
cycle12,12,12,2,2,19,-1,18,0.903208
