graph_name,graph_order,graph_size,graph_min_degree,graph_max_degree,GA_fitness_heuristic2,lower_bound,upper_bound,elapsed_time_GA(seconds)
can24,24,68,3,8,22,10,36,4.39767
can24,24,68,3,8,20,10,36,4.74024
can24,24,68,3,8,23,10,36,4.06796
can24,24,68,3,8,24,10,36,4.19194
can24,24,68,3,8,22,10,36,4.17808
can24,24,68,3,8,22,10,36,4.43677
can24,24,68,3,8,20,10,36,4.94607
can24,24,68,3,8,23,10,36,3.90133
can24,24,68,3,8,20,10,36,4.6504
can24,24,68,3,8,23,10,36,5.25885
