graph_name,graph_order,graph_size,graph_min_degree,graph_max_degree,GA_fitness_heuristic1,lower_bound,upper_bound,elapsed_time_GA(seconds)
can24,24,68,3,8,23,10,36,3.80632
can24,24,68,3,8,24,10,36,4.28504
can24,24,68,3,8,24,10,36,4.09218
can24,24,68,3,8,23,10,36,4.76942
can24,24,68,3,8,16,10,36,4.86853
can24,24,68,3,8,24,10,36,3.67562
can24,24,68,3,8,19,10,36,4.64855
can24,24,68,3,8,24,10,36,4.24245
can24,24,68,3,8,19,10,36,4.38917
can24,24,68,3,8,19,10,36,3.86648
