graph_name,graph_order,graph_size,graph_min_degree,graph_max_degree,GA_fitness_heuristic1,lower_bound,upper_bound,elapsed_time_GA(seconds)
can24,24,68,3,8,13,10,36,0.986377
can24,24,68,3,8,13,10,36,1.96165
can24,24,68,3,8,8,10,36,1.02062
can24,24,68,3,8,13,10,36,1.92257
can24,24,68,3,8,14,10,36,1.95432
can24,24,68,3,8,13,10,36,1.92669
can24,24,68,3,8,11,10,36,1.94537
can24,24,68,3,8,12,10,36,1.95988
can24,24,68,3,8,12,10,36,1.04573
can24,24,68,3,8,12,10,36,1.95932
