graph_name,graph_order,graph_size,graph_min_degree,graph_max_degree,GA_fitness_heuristic1,lower_bound,upper_bound,elapsed_time_GA(seconds)
cycle13,13,13,2,2,19,-1,19,0.91467
cycle13,13,13,2,2,20,-1,19,0.91491
cycle13,13,13,2,2,20,-1,19,0.914438
cycle13,13,13,2,2,22,-1,19,0.908259
cycle13,13,13,2,2,20,-1,19,0.610432
cycle13,13,13,2,2,20,-1,19,0.885743
cycle13,13,13,2,2,23,-1,19,0.638937
cycle13,13,13,2,2,23,-1,19,0.887828
cycle13,13,13,2,2,22,-1,19,0.899678
cycle13,13,13,2,2,22,-1,19,0.888382
