graph_name,graph_order,graph_size,graph_min_degree,graph_max_degree,GA_fitness_heuristic2,lower_bound,upper_bound,elapsed_time_GA(seconds)
can24,24,68,3,8,24,10,36,3.96503
can24,24,68,3,8,24,10,36,4.25222
can24,24,68,3,8,20,10,36,4.43863
can24,24,68,3,8,24,10,36,5.63722
can24,24,68,3,8,20,10,36,4.33388
can24,24,68,3,8,16,10,36,4.46371
can24,24,68,3,8,24,10,36,4.27385
can24,24,68,3,8,20,10,36,4.9924
can24,24,68,3,8,24,10,36,4.90087
can24,24,68,3,8,16,10,36,4.69071
