graph_name,graph_order,graph_size,graph_min_degree,graph_max_degree,GA_fitness_heuristic1,lower_bound,upper_bound,elapsed_time_GA(seconds)
can24,24,68,3,8,22,10,36,0.910534
can24,24,68,3,8,19,10,36,1.90935
can24,24,68,3,8,20,10,36,1.91857
can24,24,68,3,8,20,10,36,1.91067
can24,24,68,3,8,24,10,36,1.91742
can24,24,68,3,8,24,10,36,1.94421
can24,24,68,3,8,24,10,36,1.93514
can24,24,68,3,8,24,10,36,1.93696
can24,24,68,3,8,16,10,36,1.91359
can24,24,68,3,8,23,10,36,1.94721
