graph_name,graph_order,graph_size,graph_min_degree,graph_max_degree,GA_fitness_heuristic1,lower_bound,upper_bound,elapsed_time_GA(seconds)
can62,62,78,1,6,98,35,108,6.13994
can62,62,78,1,6,98,35,108,5.6921
can62,62,78,1,6,89,35,108,5.1588
can62,62,78,1,6,97,35,108,5.93451
can62,62,78,1,6,101,35,108,5.98759
can62,62,78,1,6,89,35,108,5.98483
can62,62,78,1,6,105,35,108,5.84217
can62,62,78,1,6,107,35,108,5.81056
can62,62,78,1,6,100,35,108,5.89367
can62,62,78,1,6,104,35,108,5.89886
