graph_name,graph_order,graph_size,graph_min_degree,graph_max_degree,GA_fitness_heuristic2,lower_bound,upper_bound,elapsed_time_GA(seconds)
can24,24,68,3,8,22,10,36,1.97083
can24,24,68,3,8,22,10,36,1.94219
can24,24,68,3,8,23,10,36,1.65849
can24,24,68,3,8,23,10,36,1.93251
can24,24,68,3,8,24,10,36,1.91571
can24,24,68,3,8,23,10,36,1.94081
can24,24,68,3,8,22,10,36,1.93762
can24,24,68,3,8,23,10,36,1.31868
can24,24,68,3,8,24,10,36,1.92893
can24,24,68,3,8,20,10,36,1.93233
