graph_name,graph_order,graph_size,graph_min_degree,graph_max_degree,GA_fitness_heuristic2,lower_bound,upper_bound,elapsed_time_GA(seconds)
can73,73,152,2,8,99,32,109,7.85849
can73,73,152,2,8,100,32,109,3.2908
can73,73,152,2,8,89,32,109,7.43806
can73,73,152,2,8,105,32,109,7.40348
can73,73,152,2,8,112,32,109,7.44609
can73,73,152,2,8,97,32,109,7.41572
can73,73,152,2,8,96,32,109,7.3405
can73,73,152,2,8,97,32,109,5.26591
can73,73,152,2,8,103,32,109,7.43348
can73,73,152,2,8,100,32,109,7.31049
