graph_name,graph_order,graph_size,graph_min_degree,graph_max_degree,GA_fitness_heuristic2,lower_bound,upper_bound,elapsed_time_GA(seconds)
cycle13,13,13,2,2,20,-1,19,0.909773
cycle13,13,13,2,2,19,-1,19,0.915588
cycle13,13,13,2,2,19,-1,19,0.908353
cycle13,13,13,2,2,20,-1,19,0.909281
cycle13,13,13,2,2,20,-1,19,0.903659
cycle13,13,13,2,2,20,-1,19,0.896006
cycle13,13,13,2,2,20,-1,19,0.910008
cycle13,13,13,2,2,20,-1,19,0.911342
cycle13,13,13,2,2,20,-1,19,0.885067
cycle13,13,13,2,2,20,-1,19,0.901323
