graph_name,graph_order,graph_size,graph_min_degree,graph_max_degree,GA_fitness_heuristic2,lower_bound,upper_bound,elapsed_time_GA(seconds)
cycle12,12,12,2,2,18,-1,18,0.635289
cycle12,12,12,2,2,16,-1,18,0.825405
cycle12,12,12,2,2,19,-1,18,0.919202
cycle12,12,12,2,2,18,-1,18,0.902295
cycle12,12,12,2,2,18,-1,18,0.559648
cycle12,12,12,2,2,16,-1,18,0.500506
cycle12,12,12,2,2,19,-1,18,0.897495
cycle12,12,12,2,2,19,-1,18,0.897198
cycle12,12,12,2,2,19,-1,18,0.901592
cycle12,12,12,2,2,19,-1,18,0.907499
