graph_name,graph_order,graph_size,graph_min_degree,graph_max_degree,GA_fitness_heuristic2,lower_bound,upper_bound,elapsed_time_GA(seconds)
cycle11,11,11,2,2,17,-1,16,0.765512
cycle11,11,11,2,2,17,-1,16,0.764567
cycle11,11,11,2,2,17,-1,16,0.764179
cycle11,11,11,2,2,16,-1,16,0.752088
cycle11,11,11,2,2,17,-1,16,0.744402
cycle11,11,11,2,2,17,-1,16,0.742838
cycle11,11,11,2,2,17,-1,16,0.746542
cycle11,11,11,2,2,17,-1,16,0.749653
cycle11,11,11,2,2,17,-1,16,0.74818
cycle11,11,11,2,2,17,-1,16,0.739502
