graph_name,graph_order,graph_size,graph_min_degree,graph_max_degree,GA_fitness_heuristic2,lower_bound,upper_bound,elapsed_time_GA(seconds)
cycle15,15,15,2,2,23,-1,22,0.726073
cycle15,15,15,2,2,23,-1,22,0.757848
cycle15,15,15,2,2,23,-1,22,1.07882
cycle15,15,15,2,2,23,-1,22,1.06949
cycle15,15,15,2,2,23,-1,22,1.05406
cycle15,15,15,2,2,23,-1,22,1.03439
cycle15,15,15,2,2,23,-1,22,0.708187
cycle15,15,15,2,2,23,-1,22,1.08113
cycle15,15,15,2,2,23,-1,22,1.07504
cycle15,15,15,2,2,23,-1,22,1.05575
